{
	"0,3" : 
	{
		"bad_pixels" : 
		{
			"fake_hit_rate" : 
			{
				"pix_x" : [ 874 ],
				"pix_y" : [ 1 ],
				"prob" : [ 0.66699999570846558 ]
			},
			"stuck" : 
			{
				"pix_x" : [ 874 ],
				"pix_y" : [ 1 ],
				"prob" : [ 0.69999998807907104 ]
			}
		}
	},
	"2,7" : 
	{
		"bad_pixels" : 
		{
			"stuck" : 
			{
				"pix_x" : [ 952, 953 ],
				"pix_y" : [ 130, 130 ],
				"prob" : [ 0.40000000596046448, 0.40000000596046448 ]
			}
		}
	},
	"3,8" : 
	{
		"bad_pixels" : 
		{
			"fake_hit_rate" : 
			{
				"pix_x" : [ 869 ],
				"pix_y" : [ 226 ],
				"prob" : [ 1.0 ]
			},
			"stuck" : 
			{
				"pix_x" : [ 869 ],
				"pix_y" : [ 226 ],
				"prob" : [ 1.0 ]
			}
		}
	}
}
