{
	"1" : 
	{
		"bad_pixels" : 
		{
			"pix_x" : 
			[
				114,
				712,
				343,
				125,
				116,
				961,
				269,
				37,
				586,
				253,
				495,
				912,
				68,
				252,
				8,
				88,
				132,
				669,
				510,
				661,
				409,
				589,
				619,
				798,
				704,
				148,
				1,
				255,
				140,
				307,
				989,
				989,
				990
			],
			"pix_y" : 
			[
				106,
				254,
				97,
				146,
				378,
				42,
				45,
				362,
				91,
				431,
				458,
				108,
				82,
				60,
				85,
				490,
				261,
				171,
				93,
				156,
				210,
				98,
				171,
				217,
				6,
				415,
				59,
				324,
				303,
				130,
				205,
				206,
				205
			],
			"prob" : 
			[
				0.090620003640651703,
				0.010970000177621841,
				0.00086999998893588781,
				0.0012799999676644802,
				0.00080999999772757292,
				0.0002899999963119626,
				9.0000001364387572e-05,
				3.9999998989515007e-05,
				0.00066999997943639755,
				0.0003800000122282654,
				0.00025000001187436283,
				1.9999999494757503e-05,
				0.00018000000272877514,
				0.00036000000545755029,
				0.0001500000071246177,
				1.9999999494757503e-05,
				4.9999998736893758e-05,
				4.9999998736893758e-05,
				4.9999998736893758e-05,
				1.9999999494757503e-05,
				9.9999997473787516e-06,
				9.9999997473787516e-06,
				9.9999997473787516e-06,
				9.9999997473787516e-06,
				9.9999997473787516e-06,
				9.9999997473787516e-06,
				9.9999997473787516e-06,
				1.9999999494757503e-05,
				1.9999999494757503e-05,
				9.9999997473787516e-06,
				9.9999997473787516e-06,
				9.9999997473787516e-06,
				9.9999997473787516e-06
			]
		}
	},
	"4" : 
	{
		"bad_pixels" : 
		{
			"pix_x" : [ 285, 478, 334, 244, 150, 109, 930, 324, 698, 699, 699, 698, 700 ],
			"pix_y" : [ 76, 205, 371, 380, 409, 263, 165, 20, 286, 286, 287, 288, 286 ],
			"prob" : 
			[
				0.11513999849557877,
				0.0065199998207390308,
				0.00033000000985339284,
				0.0011599999852478504,
				0.00031999999191612005,
				0.00069000001531094313,
				0.00013000000035390258,
				9.0000001364387572e-05,
				9.9999997473787516e-06,
				9.9999997473787516e-06,
				9.9999997473787516e-06,
				9.9999997473787516e-06,
				9.9999997473787516e-06
			]
		}
	},
	"8" : 
	{
		"bad_pixels" : 
		{
			"pix_x" : 
			[
				473,
				853,
				652,
				35,
				164,
				64,
				511,
				222,
				744,
				854,
				929,
				669,
				294,
				571,
				586,
				67,
				884,
				227,
				931,
				316,
				316,
				91
			],
			"pix_y" : 
			[
				346,
				449,
				273,
				463,
				486,
				86,
				262,
				454,
				236,
				427,
				467,
				46,
				428,
				49,
				48,
				192,
				129,
				489,
				76,
				403,
				404,
				88
			],
			"prob" : 
			[
				0.22597000002861023,
				0.00047999998787418008,
				0.13846999406814575,
				0.0019900000188499689,
				7.9999997979030013e-05,
				0.0040799998678267002,
				5.999999848427251e-05,
				0.00011000000085914508,
				5.999999848427251e-05,
				9.0000001364387572e-05,
				2.9999999242136255e-05,
				1.9999999494757503e-05,
				1.9999999494757503e-05,
				2.9999999242136255e-05,
				1.9999999494757503e-05,
				9.9999997473787516e-06,
				9.9999997473787516e-06,
				9.9999997473787516e-06,
				1.9999999494757503e-05,
				9.9999997473787516e-06,
				9.9999997473787516e-06,
				9.9999997473787516e-06
			]
		}
	}
}
